{"intercept": -6082459.084108174, "coef": [5419.597892862221, 2605.7191331293725, 148888.8691072676, 706.8271577825614]}